"","sampleID","patient","type","A1BG","A1CF","A2BP1","A2LD1","A2ML1"
"1","TCGA-05-4244-01A","TCGA-05-4244","tumor",26.0302,0,1.7454,135.5022,0.3491
"2","TCGA-05-4249-01A","TCGA-05-4249","tumor",120.1349,0.322,1.6098,89.0629,1.6098
"3","TCGA-05-4250-01A","TCGA-05-4250","tumor",50.8597,0,0,151.1332,0
"4","TCGA-05-4382-01A","TCGA-05-4382","tumor",145.9037,0,0,112.0685,4.7861
"5","TCGA-05-4384-01A","TCGA-05-4384","tumor",127.3671,0,0,87.5748,0
"6","TCGA-05-4389-01A","TCGA-05-4389","tumor",67.1409,36.2416,0,111.8624,36.5772
"7","TCGA-05-4390-01A","TCGA-05-4390","tumor",164.7134,0,97.7167,64.9465,0.6387
"8","TCGA-05-4395-01A","TCGA-05-4395","tumor",21.9745,0,0,180.7029,390.8484
"9","TCGA-05-4396-01A","TCGA-05-4396","tumor",17.4375,15.9212,0,133.5785,0.7582
"10","TCGA-05-4397-01A","TCGA-05-4397","tumor",126.5687,0,0,228.6295,19.2159
"11","TCGA-05-4398-01A","TCGA-05-4398","tumor",258.0731,0.2175,0.435,148.9604,1.3049
"12","TCGA-05-4402-01A","TCGA-05-4402","tumor",48.4589,0,0,62.3777,25.092
"13","TCGA-05-4403-01A","TCGA-05-4403","tumor",64.1674,1.9461,0,173.8504,0
"14","TCGA-05-4405-01A","TCGA-05-4405","tumor",146.1301,0,0,119.5122,1.3253
"15","TCGA-05-4410-01A","TCGA-05-4410","tumor",79.4037,0,0,161.7813,6.8807
"16","TCGA-05-4415-01A","TCGA-05-4415","tumor",31.9422,0,0,98.1822,1.3333
"17","TCGA-05-4417-01A","TCGA-05-4417","tumor",85.3059,0,54.0072,144.0657,3.1769
"18","TCGA-05-4418-01A","TCGA-05-4418","tumor",161.1566,0.3324,0,224.9506,27.5862
"19","TCGA-05-4420-01A","TCGA-05-4420","tumor",404.3334,0,0,48.6064,2.1036
"20","TCGA-05-4422-01A","TCGA-05-4422","tumor",129.0715,54.1857,0,278.2253,8.828
"21","TCGA-05-4424-01A","TCGA-05-4424","tumor",257.9695,0,0,53.1125,1.9066
"22","TCGA-05-4425-01A","TCGA-05-4425","tumor",47.1125,0,272.5238,112.2328,1.1192
"23","TCGA-05-4426-01A","TCGA-05-4426","tumor",307.7644,0,0.2964,121.9889,0
"24","TCGA-05-4427-01A","TCGA-05-4427","tumor",96.4783,0,0,85.4793,0.5045
"25","TCGA-05-4430-01A","TCGA-05-4430","tumor",403.9809,0,0.319,98.7049,0.319
"26","TCGA-05-4432-01A","TCGA-05-4432","tumor",136.0485,0.8653,0,74.9034,0.5769
"27","TCGA-05-4433-01A","TCGA-05-4433","tumor",27.9669,8.2645,0,136.4545,4.9587
"28","TCGA-05-4434-01A","TCGA-05-4434","tumor",101.3226,0.2261,2.0348,99.1318,701.56
"29","TCGA-05-5420-01A","TCGA-05-5420","tumor",303.9139,187.0598,0,286.3088,0
"30","TCGA-05-5423-01A","TCGA-05-5423","tumor",709.7143,0,0.7326,75.9707,0
"31","TCGA-05-5425-01A","TCGA-05-5425","tumor",157.1776,5.0905,0,144.6606,1.1312
"32","TCGA-05-5428-01A","TCGA-05-5428","tumor",1184.7918,0.872,0,128.4674,0
"33","TCGA-05-5429-01A","TCGA-05-5429","tumor",93.5808,99.768,0,224.2305,0
"34","TCGA-05-5715-01A","TCGA-05-5715","tumor",48.4091,0,0,157.4858,71.0521
"35","TCGA-35-3615-01A","TCGA-35-3615","tumor",51.9331,0,0,185.6498,0
"36","TCGA-35-4122-01A","TCGA-35-4122","tumor",324.4121,0,0,175.3769,26.6332
"37","TCGA-35-4123-01A","TCGA-35-4123","tumor",407.0143,0,0,147.3737,0
"38","TCGA-35-5375-01A","TCGA-35-5375","tumor",3840.1554,0,0,47.7802,1.1099
"39","TCGA-38-4625-01A","TCGA-38-4625","tumor",69.1411,0,0,47.3162,1.4081
"40","TCGA-38-4626-01A","TCGA-38-4626","tumor",121.9456,0,0.2262,97.6302,0.9049
"41","TCGA-38-4627-01A","TCGA-38-4627","tumor",209.7811,0,13.4987,111.0799,0
"42","TCGA-38-4628-01A","TCGA-38-4628","tumor",938.5209,0,1.5803,160.4456,0.6321
"43","TCGA-38-4629-01A","TCGA-38-4629","tumor",177.4335,0,0,123.7001,9.6735
"44","TCGA-38-4630-01A","TCGA-38-4630","tumor",119.5591,0,0,65.4465,64.4804
"45","TCGA-38-4631-01A","TCGA-38-4631","tumor",129.4851,11.7714,0,61.3446,1.5695
"46","TCGA-38-4632-01A","TCGA-38-4632","tumor",873.6532,0,0,159.9541,0
"47","TCGA-38-6178-01A","TCGA-38-6178","tumor",69.8518,0,0,33.8612,0
"48","TCGA-38-7271-01A","TCGA-38-7271","tumor",127.5626,0,0.7593,128.1549,0.7593
"49","TCGA-38-A44F-01A","TCGA-38-A44F","tumor",105.8048,17.6941,0,93.3048,62.7854
"50","TCGA-44-2655-01A","TCGA-44-2655","tumor",104.752,0,0,128.7349,0.5179
"51","TCGA-44-2656-01A","TCGA-44-2656","tumor",45.1701,0,0,117.4504,0
"52","TCGA-44-2657-01A","TCGA-44-2657","tumor",312.4899,0,0,60.0738,12.0805
"53","TCGA-44-2659-01A","TCGA-44-2659","tumor",82.4158,0.3269,1.3076,81.2978,0
"54","TCGA-44-2661-01A","TCGA-44-2661","tumor",188.6359,0,0.4803,162.171,0
"55","TCGA-44-2662-01A","TCGA-44-2662","tumor",84.4097,0,0,115.3676,0.3591
"56","TCGA-44-2665-01A","TCGA-44-2665","tumor",124.1888,0,2.3719,97.8748,0.4744
"57","TCGA-44-2666-01A","TCGA-44-2666","tumor",20.8862,0,270.6704,107.2464,0.4171
"58","TCGA-44-2668-01A","TCGA-44-2668","tumor",57.2201,0,0.2729,73.5449,6.5507
"59","TCGA-44-3396-01A","TCGA-44-3396","tumor",192.0318,0,0.6713,216.4198,0.4475
"60","TCGA-44-3398-01A","TCGA-44-3398","tumor",193.0321,0,41.97,154.2056,1.7131
"61","TCGA-44-3918-01A","TCGA-44-3918","tumor",320.9344,0,0.3814,109.6339,1.1442
"62","TCGA-44-3919-01A","TCGA-44-3919","tumor",157.8016,0,0,148.5398,3.9024
"63","TCGA-44-4112-01A","TCGA-44-4112","tumor",281.3695,0,1.2048,155.5141,0.4016
"64","TCGA-44-5643-01A","TCGA-44-5643","tumor",21.2282,0,0,174.7549,28749.8592
"65","TCGA-44-5644-01A","TCGA-44-5644","tumor",130.8994,32.5852,11.9701,16.5919,1.33
"66","TCGA-44-5645-01A","TCGA-44-5645","tumor",42.0711,0,1.7212,58.3018,2.8686
"67","TCGA-44-6145-01A","TCGA-44-6145","tumor",54.3272,0,0.6317,114.0745,16.4245
"68","TCGA-44-6146-01A","TCGA-44-6146","tumor",8.574,1.8051,0,113.6417,53.7004
"69","TCGA-44-6147-01A","TCGA-44-6147","tumor",207.7978,0,1.0929,82.918,0.5464
"70","TCGA-44-6148-01A","TCGA-44-6148","tumor",115.6073,0.5357,2.6785,95.0743,2.6785
"71","TCGA-44-6774-01A","TCGA-44-6774","tumor",116.9981,0,5.5762,90.3532,0
"72","TCGA-44-6775-01A","TCGA-44-6775","tumor",127.7537,0,0,92.5644,7.0671
"73","TCGA-44-6776-01A","TCGA-44-6776","tumor",45.2011,0,0,118.3549,0.7184
"74","TCGA-44-6777-01A","TCGA-44-6777","tumor",126.3388,0.526,1.0521,85.071,0
"75","TCGA-44-6778-01A","TCGA-44-6778","tumor",68.8515,1.269,0.6345,67.0178,1.9036
"76","TCGA-44-6779-01A","TCGA-44-6779","tumor",22.1399,0.797,0,79.8645,14.3455
"77","TCGA-44-7659-01A","TCGA-44-7659","tumor",130.5605,0,0,92.7728,0.7474
"78","TCGA-44-7660-01A","TCGA-44-7660","tumor",60.7675,0,0,92.8441,193.8808
"79","TCGA-44-7661-01A","TCGA-44-7661","tumor",71.93,0,0.9369,142.5016,1.8738
"80","TCGA-44-7662-01A","TCGA-44-7662","tumor",166.7599,0,0,68.5638,0.296
"81","TCGA-44-7667-01A","TCGA-44-7667","tumor",381.5969,0,0.3329,18.8942,0
"82","TCGA-44-7669-01A","TCGA-44-7669","tumor",19.1801,0,0.3067,81.1458,0
"83","TCGA-44-7670-01A","TCGA-44-7670","tumor",155.335,4.328,1.2366,70.4011,2.4731
"84","TCGA-44-7671-01A","TCGA-44-7671","tumor",37.4762,0,0.3151,133.8228,0.3151
"85","TCGA-44-7672-01A","TCGA-44-7672","tumor",74.1898,0,0,91.9016,0.7809
"86","TCGA-44-8117-01A","TCGA-44-8117","tumor",243.2404,0,0.5781,74.6004,0
"87","TCGA-44-8119-01A","TCGA-44-8119","tumor",143.5576,0,0.7891,53.2571,0
"88","TCGA-44-8120-01A","TCGA-44-8120","tumor",167.7516,0,0.2803,112.4007,0
"89","TCGA-44-A479-01A","TCGA-44-A479","tumor",51.538,0,23.269,132.4745,0.5675
"90","TCGA-44-A47A-01A","TCGA-44-A47A","tumor",206.6581,0,302.4565,101.9601,2.0471
"91","TCGA-44-A47B-01A","TCGA-44-A47B","tumor",27.1294,0.4478,0.4478,115.253,0
"92","TCGA-44-A47G-01A","TCGA-44-A47G","tumor",210.0978,0,0,100.4718,1.7261
"93","TCGA-44-A4SS-01A","TCGA-44-A4SS","tumor",50.2337,1.1077,0,66.2397,3971.0616
"94","TCGA-44-A4SU-01A","TCGA-44-A4SU","tumor",118.0045,0,0,68.8813,0.9391
"95","TCGA-49-4486-01A","TCGA-49-4486","tumor",333.471,0,0,187.3383,2.9924
"96","TCGA-49-4487-01A","TCGA-49-4487","tumor",121.3142,0,0.8425,92.6706,0
"97","TCGA-49-4488-01A","TCGA-49-4488","tumor",313.5865,0,0,173.6929,0
"98","TCGA-49-4490-01A","TCGA-49-4490","tumor",148.6755,0,0,90.059,165.6838
"99","TCGA-49-4494-01A","TCGA-49-4494","tumor",78.6541,0,0,218.3318,0.2839
"100","TCGA-49-4501-01A","TCGA-49-4501","tumor",374.79,0,0.2642,142.2166,0
"101","TCGA-49-4505-01A","TCGA-49-4505","tumor",371.4791,0,1.1226,142.9498,0
"102","TCGA-49-4506-01A","TCGA-49-4506","tumor",127.1436,0,0,169.2886,0
"103","TCGA-49-4507-01A","TCGA-49-4507","tumor",357.2397,0,0,121.1519,0
"104","TCGA-49-4510-01A","TCGA-49-4510","tumor",1021.7241,0.3193,0.3193,76.5773,1.2771
"105","TCGA-49-4512-01A","TCGA-49-4512","tumor",259.6695,0,0,55.9493,0.7686
"106","TCGA-49-4514-01A","TCGA-49-4514","tumor",45.9064,0,0,128.3084,0.7651
"107","TCGA-49-6742-01A","TCGA-49-6742","tumor",38.0313,64.1312,0.7457,190.1044,7.4571
"108","TCGA-49-6743-01A","TCGA-49-6743","tumor",228.318,0,1.0852,126.4623,4.3407
"109","TCGA-49-6744-01A","TCGA-49-6744","tumor",41.7515,0,0,93.223,0.5092
"110","TCGA-49-6745-01A","TCGA-49-6745","tumor",24.0786,0,0,162.8256,1.4742
"111","TCGA-49-6761-01A","TCGA-49-6761","tumor",143.6774,0,0,136.528,0
"112","TCGA-49-6767-01A","TCGA-49-6767","tumor",88.9763,0,0,85.8225,0
"113","TCGA-49-AAQV-01A","TCGA-49-AAQV","tumor",251.1024,0,0,58.6383,11.481
"114","TCGA-49-AAR0-01A","TCGA-49-AAR0","tumor",218.5969,0,0,112.0079,0.4958
"115","TCGA-49-AAR2-01A","TCGA-49-AAR2","tumor",88.4737,0,8.6618,46.3837,0.6187
"116","TCGA-49-AAR3-01A","TCGA-49-AAR3","tumor",157.169,0.8711,0,66.5418,1.7422
"117","TCGA-49-AAR4-01A","TCGA-49-AAR4","tumor",431.6078,0.6305,1.261,100.7062,65.5738
"118","TCGA-49-AAR9-01A","TCGA-49-AAR9","tumor",99.9495,0,0,73.1069,12.391
"119","TCGA-49-AARE-01A","TCGA-49-AARE","tumor",62.8584,0,0.4552,220.396,14.1102
"120","TCGA-49-AARN-01A","TCGA-49-AARN","tumor",50.8657,28.3582,0,146.0672,1.4925
"121","TCGA-49-AARO-01A","TCGA-49-AARO","tumor",242.0871,0,1.1531,97.8726,1.1531
"122","TCGA-49-AARQ-01A","TCGA-49-AARQ","tumor",204.1124,0,0,21.6966,2.809
"123","TCGA-49-AARR-01A","TCGA-49-AARR","tumor",96.4103,0,0.5103,59.6505,2.5513
"124","TCGA-4B-A93V-01A","TCGA-4B-A93V","tumor",57.251,0,1.4433,89.8311,0
"125","TCGA-50-5044-01A","TCGA-50-5044","tumor",81.8833,1.0235,1.0235,117.912,1.0235
"126","TCGA-50-5045-01A","TCGA-50-5045","tumor",664.0821,0.846,0.423,171.6413,0
"127","TCGA-50-5049-01A","TCGA-50-5049","tumor",525.3683,0,0.558,199.8382,1.1161
"128","TCGA-50-5051-01A","TCGA-50-5051","tumor",37.1805,0,0,86.4833,0
"129","TCGA-50-5055-01A","TCGA-50-5055","tumor",412.7907,0,0.8306,105.5814,89.701
"130","TCGA-50-5066-01A","TCGA-50-5066","tumor",1146.3415,1.7422,0,208.5976,0
"131","TCGA-50-5068-01A","TCGA-50-5068","tumor",1216.7723,0,1.7102,190.5707,0
"132","TCGA-50-5072-01A","TCGA-50-5072","tumor",54.5035,24.4804,0,125.0531,108.545
"133","TCGA-50-5930-01A","TCGA-50-5930","tumor",162.0224,0,0,144.1335,5.3122
"134","TCGA-50-5931-01A","TCGA-50-5931","tumor",67.5505,0,0,58.0934,26.5152
"135","TCGA-50-5932-01A","TCGA-50-5932","tumor",19.5761,0,0,68.4206,0
"136","TCGA-50-5933-01A","TCGA-50-5933","tumor",33.5702,0,0,81.9635,0
"137","TCGA-50-5935-01A","TCGA-50-5935","tumor",38.6503,0,23.5556,78.8095,0
"138","TCGA-50-5936-01A","TCGA-50-5936","tumor",70.8333,0,0,157.098,8.7719
"139","TCGA-50-5939-01A","TCGA-50-5939","tumor",81.1972,0,0,139.7093,0.6841
"140","TCGA-50-5941-01A","TCGA-50-5941","tumor",89.7436,0,0.641,92.1923,0.641
"141","TCGA-50-5942-01A","TCGA-50-5942","tumor",24.9331,0,365.0463,112.5698,0.6393
"142","TCGA-50-5944-01A","TCGA-50-5944","tumor",21.8631,0,0,50.0259,5.4886
"143","TCGA-50-5946-01A","TCGA-50-5946","tumor",184.3069,0,0,100.2284,0
"144","TCGA-50-6590-01A","TCGA-50-6590","tumor",139.4783,0,0,64.1141,0
"145","TCGA-50-6591-01A","TCGA-50-6591","tumor",206.9295,0,0,42.1625,0
"146","TCGA-50-6592-01A","TCGA-50-6592","tumor",61.0446,0,0,135.4987,365.6342
"147","TCGA-50-6593-01A","TCGA-50-6593","tumor",325.1956,0,0.6414,106.177,1.2829
"148","TCGA-50-6594-01A","TCGA-50-6594","tumor",328.6197,0,0,364.0704,0
"149","TCGA-50-6595-01A","TCGA-50-6595","tumor",84.836,0,0,64.2508,9.6463
"150","TCGA-50-6597-01A","TCGA-50-6597","tumor",75.4006,0,0,72.4317,0
"151","TCGA-50-6673-01A","TCGA-50-6673","tumor",56.9994,1.1217,0,109.6523,9.5345
"152","TCGA-50-7109-01A","TCGA-50-7109","tumor",45.0995,0,0,47.5829,12.2039
"153","TCGA-50-8457-01A","TCGA-50-8457","tumor",166.4225,0,6.2139,132.4811,0.4439
"154","TCGA-50-8459-01A","TCGA-50-8459","tumor",137.5583,3.357,0,108.442,4.476
"155","TCGA-50-8460-01A","TCGA-50-8460","tumor",153.6369,0,0,65.6444,0.6196
"156","TCGA-53-7624-01A","TCGA-53-7624","tumor",62.7053,0,18.0061,154.0843,42.1607
"157","TCGA-53-7626-01A","TCGA-53-7626","tumor",118.997,0,0,200.6142,5.4062
"158","TCGA-53-7813-01A","TCGA-53-7813","tumor",122.3022,0,435.7657,43.4841,2.0555
"159","TCGA-53-A4EZ-01A","TCGA-53-A4EZ","tumor",35.1962,0,0,76.8604,0
"160","TCGA-55-1592-01A","TCGA-55-1592","tumor",88.0016,0,0.2706,38.0452,0.2706
"161","TCGA-55-1594-01A","TCGA-55-1594","tumor",35.9552,0,0,48.1447,1.1792
"162","TCGA-55-1595-01A","TCGA-55-1595","tumor",143.679,0,0,124.3537,0.9156
"163","TCGA-55-1596-01A","TCGA-55-1596","tumor",27.164,0,0,148.2179,0
"164","TCGA-55-5899-01A","TCGA-55-5899","tumor",44.5778,220.6029,8.0011,101.9631,0
"165","TCGA-55-6543-01A","TCGA-55-6543","tumor",18.9521,0,0.5574,83.9353,10.0334
"166","TCGA-55-6642-01A","TCGA-55-6642","tumor",95.9699,0,5.8978,74.9934,0
"167","TCGA-55-6712-01A","TCGA-55-6712","tumor",29.8992,0,0,84.5709,187.3179
"168","TCGA-55-6968-01A","TCGA-55-6968","tumor",202.055,0,5.7241,111.7344,3.4345
"169","TCGA-55-6969-01A","TCGA-55-6969","tumor",183.513,1.3798,1.3798,96.1063,3.1045
"170","TCGA-55-6970-01A","TCGA-55-6970","tumor",80.7645,0,0,91.4263,0.9637
"171","TCGA-55-6971-01A","TCGA-55-6971","tumor",83.9303,0,53.243,82.1297,11.6167
"172","TCGA-55-6972-01A","TCGA-55-6972","tumor",359.4863,0,0,107.2146,1.1416
"173","TCGA-55-6975-01A","TCGA-55-6975","tumor",79.6312,0,0,67.9799,3.3529
"174","TCGA-55-6978-01A","TCGA-55-6978","tumor",54.5498,0,0.3603,68.1639,0
"175","TCGA-55-6979-01A","TCGA-55-6979","tumor",73.1611,0,2.8188,161.5436,0.7047
"176","TCGA-55-6980-01A","TCGA-55-6980","tumor",158.8152,0,1.7683,83.8904,0
"177","TCGA-55-6981-01A","TCGA-55-6981","tumor",41.9737,0,0,43.9649,1.7544
"178","TCGA-55-6982-01A","TCGA-55-6982","tumor",163.1712,0,0,101.5073,7.375
"179","TCGA-55-6983-01A","TCGA-55-6983","tumor",64.8333,0,264.539,81.1028,8.156
"180","TCGA-55-6984-01A","TCGA-55-6984","tumor",29.2505,0,0,168.4186,672.7605
"181","TCGA-55-6985-01A","TCGA-55-6985","tumor",242.194,0,8.209,79.9254,0.7463
"182","TCGA-55-6986-01A","TCGA-55-6986","tumor",28.9317,0,0.7267,95.6395,2.907
"183","TCGA-55-6987-01A","TCGA-55-6987","tumor",140.1024,0.3531,0,99.1702,5.6497
"184","TCGA-55-7227-01A","TCGA-55-7227","tumor",36.6275,0,5.5287,147.8231,0.6911
"185","TCGA-55-7281-01A","TCGA-55-7281","tumor",181.9373,0,0,151.6296,132.7635
"186","TCGA-55-7283-01A","TCGA-55-7283","tumor",71.6792,0,0,123.2632,0
"187","TCGA-55-7570-01A","TCGA-55-7570","tumor",68.1961,0.4357,0,75.9303,0.8715
"188","TCGA-55-7573-01A","TCGA-55-7573","tumor",36.245,0,8.0064,56.5092,1.6013
"189","TCGA-55-7574-01A","TCGA-55-7574","tumor",87.311,0,0,94.8204,1.5876
"190","TCGA-55-7576-01A","TCGA-55-7576","tumor",135.9453,0,0,52.2353,2.4439
"191","TCGA-55-7724-01A","TCGA-55-7724","tumor",13.0261,0,0,74.98,6247.495
"192","TCGA-55-7725-01A","TCGA-55-7725","tumor",6.3025,0,379.2017,93.4559,3.1513
"193","TCGA-55-7726-01A","TCGA-55-7726","tumor",28.394,0,0,29.0683,16.8589
"194","TCGA-55-7727-01A","TCGA-55-7727","tumor",6.1284,0,0,105.0275,1.8349
"195","TCGA-55-7728-01A","TCGA-55-7728","tumor",184.938,62.2337,0.3704,99.9704,10.3723
"196","TCGA-55-7815-01A","TCGA-55-7815","tumor",6.012,0,19.0381,78.7074,2.004
"197","TCGA-55-7816-01A","TCGA-55-7816","tumor",15.3548,0,78.2796,51.9742,0.8602
"198","TCGA-55-7903-01A","TCGA-55-7903","tumor",138.9586,0.4983,0.4983,93.6173,0.4983
"199","TCGA-55-7907-01A","TCGA-55-7907","tumor",235.2541,0,1.5637,89.8045,473.0258
"200","TCGA-55-7910-01A","TCGA-55-7910","tumor",42.8056,0,0,68.8056,0.9259
"201","TCGA-55-7911-01A","TCGA-55-7911","tumor",26.7794,0,0,94.9861,0
"202","TCGA-55-7914-01A","TCGA-55-7914","tumor",44.8526,0,0,148.6407,2.9985
"203","TCGA-55-7994-01A","TCGA-55-7994","tumor",25.8418,0,1.2664,65.3201,7.5987
"204","TCGA-55-7995-01A","TCGA-55-7995","tumor",31.1507,0,0.2829,101.8516,1233.7506
"205","TCGA-55-8085-01A","TCGA-55-8085","tumor",165.6924,0,0,71.8058,2.4356
"206","TCGA-55-8087-01A","TCGA-55-8087","tumor",300.8796,0,2.7923,134.3351,0
"207","TCGA-55-8089-01A","TCGA-55-8089","tumor",69.3515,0,0,199.3347,4.1583
"208","TCGA-55-8090-01A","TCGA-55-8090","tumor",134.1685,0,0,88.0118,0.3097
"209","TCGA-55-8091-01A","TCGA-55-8091","tumor",85.1205,0,1.5005,59.6793,0
"210","TCGA-55-8092-01A","TCGA-55-8092","tumor",80.2665,1.3346,0,187.4249,6.2281
"211","TCGA-55-8094-01A","TCGA-55-8094","tumor",137.8215,2.3841,0,69.3309,0
"212","TCGA-55-8096-01A","TCGA-55-8096","tumor",215.4007,0,5.9251,59.6818,4.3659
"213","TCGA-55-8097-01A","TCGA-55-8097","tumor",174.0693,0,0.4003,145.8344,0.4003
"214","TCGA-55-8203-01A","TCGA-55-8203","tumor",57.2884,0,69.5582,60.0506,3.2353
"215","TCGA-55-8204-01A","TCGA-55-8204","tumor",68.2135,0,1.073,55.3809,265.5579
"216","TCGA-55-8205-01A","TCGA-55-8205","tumor",22.2758,0,0.3165,128.1292,0
"217","TCGA-55-8206-01A","TCGA-55-8206","tumor",64.0254,0,0.2953,70.0473,0
"218","TCGA-55-8207-01A","TCGA-55-8207","tumor",77.4791,0,0.7265,113.5961,0.3632
"219","TCGA-55-8208-01A","TCGA-55-8208","tumor",52.7695,0,1.5472,124.7757,6.7045
"220","TCGA-55-8299-01A","TCGA-55-8299","tumor",75.6582,0,0,139.2959,4.2236
"221","TCGA-55-8301-01A","TCGA-55-8301","tumor",131.9011,0,0,74.9634,0
"222","TCGA-55-8302-01A","TCGA-55-8302","tumor",178.8343,0,0,68.4979,1.1076
"223","TCGA-55-8505-01A","TCGA-55-8505","tumor",93.1939,13.5533,0.5893,105.1208,1604.5963
"224","TCGA-55-8506-01A","TCGA-55-8506","tumor",43.8626,0,11.8243,174.3581,0
"225","TCGA-55-8507-01A","TCGA-55-8507","tumor",302.7056,0,0,107.4405,21.645
"226","TCGA-55-8508-01A","TCGA-55-8508","tumor",282.8824,0,429.7082,113.0946,5.305
"227","TCGA-55-8510-01A","TCGA-55-8510","tumor",275.5018,0,0,74.9878,0
"228","TCGA-55-8511-01A","TCGA-55-8511","tumor",167.2105,0,0,207.7155,11.9452
"229","TCGA-55-8512-01A","TCGA-55-8512","tumor",72.0631,0.5345,5.3447,55.5906,5.3447
"230","TCGA-55-8513-01A","TCGA-55-8513","tumor",100.23,8.9021,0,52.0994,34.8665
"231","TCGA-55-8514-01A","TCGA-55-8514","tumor",32.2581,0,0,91.5742,0
"232","TCGA-55-8614-01A","TCGA-55-8614","tumor",296.7217,0.6286,2.5145,54.4774,17.6018
"233","TCGA-55-8615-01A","TCGA-55-8615","tumor",594.6631,0,13.369,83.4225,3.7433
"234","TCGA-55-8616-01A","TCGA-55-8616","tumor",292.5053,0.5252,2.1008,238.0252,4.2017
"235","TCGA-55-8619-01A","TCGA-55-8619","tumor",110.8678,0.5824,0.5824,142.9295,12.2306
"236","TCGA-55-8620-01A","TCGA-55-8620","tumor",318.2736,448.281,733.4425,166.9296,0.5953
"237","TCGA-55-8621-01A","TCGA-55-8621","tumor",105.3917,1.0714,18.2135,64.9364,1.0714
"238","TCGA-55-A48X-01A","TCGA-55-A48X","tumor",102.5171,0,0.4888,88.9883,4.8876
"239","TCGA-55-A48Y-01A","TCGA-55-A48Y","tumor",44.1176,0,0,170.8981,2.1008
"240","TCGA-55-A48Z-01A","TCGA-55-A48Z","tumor",372.6141,0,0.4805,155.7953,0.9611
"241","TCGA-55-A490-01A","TCGA-55-A490","tumor",289.2104,0,0,34.933,0.492
"242","TCGA-55-A491-01A","TCGA-55-A491","tumor",156.6014,0,0,92.1652,0
"243","TCGA-55-A492-01A","TCGA-55-A492","tumor",277.3915,0,0,211.3498,0.5356
"244","TCGA-55-A493-01A","TCGA-55-A493","tumor",36.7451,0,0,57.6239,0.4848
"245","TCGA-55-A494-01A","TCGA-55-A494","tumor",379.9567,0,0,158.7392,2.6607
"246","TCGA-55-A4DF-01A","TCGA-55-A4DF","tumor",122.8941,0,0,65.46,2.7739
"247","TCGA-55-A4DG-01A","TCGA-55-A4DG","tumor",284.4409,0,1.5823,50.5643,0
"248","TCGA-55-A57B-01A","TCGA-55-A57B","tumor",63.9739,0,2.1157,176.5303,1.4104
"249","TCGA-62-8394-01A","TCGA-62-8394","tumor",49.3814,0,0,238.898,5.8218
"250","TCGA-62-8395-01A","TCGA-62-8395","tumor",28.8258,0.4386,0,56.3007,0.8772
"251","TCGA-62-8397-01A","TCGA-62-8397","tumor",309.0803,0,0,33.5474,0
"252","TCGA-62-8398-01A","TCGA-62-8398","tumor",28.1495,10.5091,0,109.8657,0.3753
"253","TCGA-62-8399-01A","TCGA-62-8399","tumor",251.7436,0,0,29.0015,0
"254","TCGA-62-8402-01A","TCGA-62-8402","tumor",23.0964,0.9853,0,87.9813,0.4927
"255","TCGA-62-A46O-01A","TCGA-62-A46O","tumor",17.1628,0,0,116.1371,1.6722
"256","TCGA-62-A46P-01A","TCGA-62-A46P","tumor",16.5414,0,113.5338,42.1955,0
"257","TCGA-62-A46R-01A","TCGA-62-A46R","tumor",46.02,0,0,131.8372,0
"258","TCGA-62-A46S-01A","TCGA-62-A46S","tumor",48.5651,0,0,90.3929,1.766
"259","TCGA-62-A46U-01A","TCGA-62-A46U","tumor",42.7867,0,1.6441,235.8652,3.6991
"260","TCGA-62-A46V-01A","TCGA-62-A46V","tumor",176.9082,0,0,64.8139,0
"261","TCGA-62-A46Y-01A","TCGA-62-A46Y","tumor",283.5388,0.5013,0.5013,89.3885,0
"262","TCGA-62-A470-01A","TCGA-62-A470","tumor",46.798,0,0,148.3128,1.2315
"263","TCGA-62-A471-01A","TCGA-62-A471","tumor",33.6471,0,0,61.688,1.023
"264","TCGA-62-A472-01A","TCGA-62-A472","tumor",148.417,0.9653,0,70.888,5.7915
"265","TCGA-64-1676-01A","TCGA-64-1676","tumor",947.4151,0,0.6929,90.9384,0
"266","TCGA-64-1677-01A","TCGA-64-1677","tumor",255.9737,0,4.3764,84.8468,4.3764
"267","TCGA-64-1678-01A","TCGA-64-1678","tumor",586.2796,0,0.9365,56.6799,0.9365
"268","TCGA-64-1679-01A","TCGA-64-1679","tumor",174.1642,0,0.2902,51.4161,3.4823
"269","TCGA-64-1680-01A","TCGA-64-1680","tumor",355.0075,0,0,212.3617,0
"270","TCGA-64-1681-01A","TCGA-64-1681","tumor",32.3448,0,1.8072,60.3488,1.0843
"271","TCGA-64-5774-01A","TCGA-64-5774","tumor",27.1455,0,12.1666,129.036,0
"272","TCGA-64-5775-01A","TCGA-64-5775","tumor",13.9233,0,0.4641,52.3515,0.9282
"273","TCGA-64-5778-01A","TCGA-64-5778","tumor",981.3116,0,0,214.2613,0.5189
"274","TCGA-64-5779-01A","TCGA-64-5779","tumor",285.9984,0,225.0409,100.4173,0.8183
"275","TCGA-64-5781-01A","TCGA-64-5781","tumor",173.6334,0,0,100.1929,3.2154
"276","TCGA-64-5815-01A","TCGA-64-5815","tumor",92.498,0,0,134.4069,6.2844
"277","TCGA-67-3770-01A","TCGA-67-3770","tumor",790.3477,0,0,83.5244,0
"278","TCGA-67-3771-01A","TCGA-67-3771","tumor",330.0782,0,13.0293,138.3257,4.5603
"279","TCGA-67-3772-01A","TCGA-67-3772","tumor",187.2425,0,68.8202,180.9129,0
"280","TCGA-67-3773-01A","TCGA-67-3773","tumor",88.3864,0,0,226.7626,0
"281","TCGA-67-3774-01A","TCGA-67-3774","tumor",45.7353,0,0,62.4238,2.5547
"282","TCGA-67-6215-01A","TCGA-67-6215","tumor",16.8187,0,0,127.2127,2.9794
"283","TCGA-67-6216-01A","TCGA-67-6216","tumor",39.4165,0,7.0723,125.3632,17.6809
"284","TCGA-67-6217-01A","TCGA-67-6217","tumor",64.1288,0,0,98.7318,0
"285","TCGA-69-7760-01A","TCGA-69-7760","tumor",8.7445,0,0,98.6946,0
"286","TCGA-69-7761-01A","TCGA-69-7761","tumor",42.0507,45.3319,0,72.4285,0
"287","TCGA-69-7763-01A","TCGA-69-7763","tumor",30.6251,0,0,85.2845,3.5466
"288","TCGA-69-7764-01A","TCGA-69-7764","tumor",33.2626,0,0,67.7454,0
"289","TCGA-69-7765-01A","TCGA-69-7765","tumor",40.4682,0.6242,0.6242,130.98,0
"290","TCGA-69-7973-01A","TCGA-69-7973","tumor",38.1858,0.258,226.5346,79.7386,0.516
"291","TCGA-69-7974-01A","TCGA-69-7974","tumor",119.5082,0,0,141.3049,0.5878
"292","TCGA-69-7978-01A","TCGA-69-7978","tumor",60.1547,0,0.6725,133.3154,0
"293","TCGA-69-7979-01A","TCGA-69-7979","tumor",728.9823,0,0.2899,96.657,0
"294","TCGA-69-7980-01A","TCGA-69-7980","tumor",154.721,0.6124,0,103.7587,4.2869
"295","TCGA-69-8253-01A","TCGA-69-8253","tumor",25.434,0,4.8571,128.6016,4.8571
"296","TCGA-69-8254-01A","TCGA-69-8254","tumor",38.6343,1.7225,0.7382,75.9815,4.6755
"297","TCGA-69-8255-01A","TCGA-69-8255","tumor",75.0347,692.0943,0.2774,58.1859,1.1096
"298","TCGA-69-8453-01A","TCGA-69-8453","tumor",73.5867,0,0,106.1355,5.848
"299","TCGA-69-A59K-01A","TCGA-69-A59K","tumor",214.1943,0,0,124.6863,0.615
"300","TCGA-71-6725-01A","TCGA-71-6725","tumor",142.8672,0,0.312,126.1582,0
"301","TCGA-71-8520-01A","TCGA-71-8520","tumor",44.7075,0,0,144.3336,0
"302","TCGA-73-4658-01A","TCGA-73-4658","tumor",334.3901,0,0,47.4281,0.5754
"303","TCGA-73-4659-01A","TCGA-73-4659","tumor",44.2722,0,0.6329,55.9536,3.1646
"304","TCGA-73-4662-01A","TCGA-73-4662","tumor",52.4058,0,0.2344,90.0451,0.9377
"305","TCGA-73-4666-01A","TCGA-73-4666","tumor",29.4209,0,0,55.4864,1.5091
"306","TCGA-73-4668-01A","TCGA-73-4668","tumor",169.2915,0,0,52.7085,0
"307","TCGA-73-4670-01A","TCGA-73-4670","tumor",59.5763,0,0,194.4349,3.8267
"308","TCGA-73-4675-01A","TCGA-73-4675","tumor",74.2565,0,0.3098,110.7869,4.3371
"309","TCGA-73-4676-01A","TCGA-73-4676","tumor",33.6464,0,0,172.1003,3.1662
"310","TCGA-73-4677-01A","TCGA-73-4677","tumor",92.918,0,0,138.047,1.1565
"311","TCGA-73-7498-01A","TCGA-73-7498","tumor",37.607,0,0,83.3442,0.2726
"312","TCGA-73-7499-01A","TCGA-73-7499","tumor",191.1155,0,3.581,98.3706,1.4324
"313","TCGA-73-A9RS-01A","TCGA-73-A9RS","tumor",190.8891,0.8803,0,118.2394,0
"314","TCGA-75-5122-01A","TCGA-75-5122","tumor",71.4872,0,0,147.3408,0
"315","TCGA-75-5125-01A","TCGA-75-5125","tumor",23.4691,0.5155,0,107.8093,0
"316","TCGA-75-5126-01A","TCGA-75-5126","tumor",59.9841,0,0,102.3089,0
"317","TCGA-75-5146-01A","TCGA-75-5146","tumor",70.815,0,0,341.0064,2.8349
"318","TCGA-75-5147-01A","TCGA-75-5147","tumor",242.1852,2.6541,0.5898,89.0888,6.1929
"319","TCGA-75-6203-01A","TCGA-75-6203","tumor",61.2105,0,1.3755,81.6231,2.751
"320","TCGA-75-6205-01A","TCGA-75-6205","tumor",50.0593,0,0,100.3983,0
"321","TCGA-75-6206-01A","TCGA-75-6206","tumor",18.2819,0,0,35.5947,0
"322","TCGA-75-6207-01A","TCGA-75-6207","tumor",25.2484,0,0.8791,62.1451,0
"323","TCGA-75-6211-01A","TCGA-75-6211","tumor",57.5477,0,60.4865,23.2018,0
"324","TCGA-75-6212-01A","TCGA-75-6212","tumor",86.3238,0,0.7794,97.961,4.6767
"325","TCGA-75-6214-01A","TCGA-75-6214","tumor",81.5732,0,0,210.8207,255.1059
"326","TCGA-75-7025-01A","TCGA-75-7025","tumor",45.2156,0,24.9622,47.5038,0.3782
"327","TCGA-75-7027-01A","TCGA-75-7027","tumor",37.7591,149.6815,0,70.5559,0
"328","TCGA-75-7030-01A","TCGA-75-7030","tumor",113.0312,11.4583,0,154.3125,2.0833
"329","TCGA-75-7031-01A","TCGA-75-7031","tumor",17.2043,40.8602,0,127.1613,1.0753
"330","TCGA-78-7143-01A","TCGA-78-7143","tumor",102.8983,0,0,119.6737,15.8349
"331","TCGA-78-7145-01A","TCGA-78-7145","tumor",150.659,0,0,68.8178,0.5819
"332","TCGA-78-7146-01A","TCGA-78-7146","tumor",57.4279,0.995,0,111.6915,46.2687
"333","TCGA-78-7147-01A","TCGA-78-7147","tumor",94.4044,0.3912,0,116.013,0.3912
"334","TCGA-78-7148-01A","TCGA-78-7148","tumor",19.1438,22.3345,0,151.5182,10.1037
"335","TCGA-78-7149-01A","TCGA-78-7149","tumor",257.6399,0,0,121.7535,2.7571
"336","TCGA-78-7150-01A","TCGA-78-7150","tumor",36.1446,1.1474,0.5737,118.6632,38.4395
"337","TCGA-78-7152-01A","TCGA-78-7152","tumor",150.6592,0,0,121.8384,15.7846
"338","TCGA-78-7153-01A","TCGA-78-7153","tumor",35.5236,79.2142,0,98.1581,0
"339","TCGA-78-7154-01A","TCGA-78-7154","tumor",56.9966,14.8832,72.0345,83.2922,714.392
"340","TCGA-78-7155-01A","TCGA-78-7155","tumor",146.3368,0,0,46.794,0
"341","TCGA-78-7156-01A","TCGA-78-7156","tumor",55.2239,0,0,87.1393,9.9502
"342","TCGA-78-7158-01A","TCGA-78-7158","tumor",38.4149,0,424.0664,127.0498,0
"343","TCGA-78-7159-01A","TCGA-78-7159","tumor",317.0303,0,292.562,75.449,3.8567
"344","TCGA-78-7160-01A","TCGA-78-7160","tumor",39.3123,0,0,104.1199,0.6309
"345","TCGA-78-7161-01A","TCGA-78-7161","tumor",97.35,0,0,51.5318,0.3674
"346","TCGA-78-7162-01A","TCGA-78-7162","tumor",76.03,0,0,79.9122,2.9272
"347","TCGA-78-7163-01A","TCGA-78-7163","tumor",2.3966,0.3424,1.0271,51.6135,0
"348","TCGA-78-7166-01A","TCGA-78-7166","tumor",102.8132,0,0,153.2278,2.675
"349","TCGA-78-7167-01A","TCGA-78-7167","tumor",220.4517,0,0,105.364,0
"350","TCGA-78-7220-01A","TCGA-78-7220","tumor",10.1609,5.1473,0,130.6962,8.7505
"351","TCGA-78-7535-01A","TCGA-78-7535","tumor",518.85,0,0,86.9625,1.0662
"352","TCGA-78-7536-01A","TCGA-78-7536","tumor",137.7303,0,0,41.3567,0.5118
"353","TCGA-78-7537-01A","TCGA-78-7537","tumor",74.0335,0,0,171.8188,0
"354","TCGA-78-7539-01A","TCGA-78-7539","tumor",120.8748,0,0,174.1561,1.1782
"355","TCGA-78-7540-01A","TCGA-78-7540","tumor",24.4673,98.4258,0,89.3554,0.3314
"356","TCGA-78-7542-01A","TCGA-78-7542","tumor",24.1344,0.2789,0,55.0791,315.9729
"357","TCGA-78-7633-01A","TCGA-78-7633","tumor",87.5068,0,0,77.7813,1.4395
"358","TCGA-78-8640-01A","TCGA-78-8640","tumor",103.2414,0.5835,1.7505,37.2108,305.7622
"359","TCGA-78-8648-01A","TCGA-78-8648","tumor",213.0023,0,0,86.822,0.7639
"360","TCGA-78-8655-01A","TCGA-78-8655","tumor",168.8347,0,0,123.4262,0
"361","TCGA-78-8660-01A","TCGA-78-8660","tumor",412.007,0,0,87.3747,0
"362","TCGA-78-8662-01A","TCGA-78-8662","tumor",576.3203,0,0,35.2945,5.9563
"363","TCGA-80-5607-01A","TCGA-80-5607","tumor",25.2238,0,1.6273,165.1587,4.0683
"364","TCGA-80-5608-01A","TCGA-80-5608","tumor",36.5282,0,21.2786,87.7386,1.0639
"365","TCGA-80-5611-01A","TCGA-80-5611","tumor",207.8986,0,0,115.6856,3.3445
"366","TCGA-83-5908-01A","TCGA-83-5908","tumor",28.543,0.3755,0,60.8036,0.3755
"367","TCGA-86-6562-01A","TCGA-86-6562","tumor",166.4103,0,0,172.3757,0.536
"368","TCGA-86-6851-01A","TCGA-86-6851","tumor",92.814,0,0,184.8818,1.4241
"369","TCGA-86-7701-01A","TCGA-86-7701","tumor",59.0095,0,4.215,49.0938,2.1075
"370","TCGA-86-7711-01A","TCGA-86-7711","tumor",245.1795,0,0,44.379,0
"371","TCGA-86-7713-01A","TCGA-86-7713","tumor",89.8936,0,0,40.5026,7.6955
"372","TCGA-86-7714-01A","TCGA-86-7714","tumor",16.6165,0,46.0526,78.2895,0
"373","TCGA-86-7953-01A","TCGA-86-7953","tumor",32.4219,0.2954,0.2954,84.346,37.5212
"374","TCGA-86-7954-01A","TCGA-86-7954","tumor",72.0398,0,0,60.4609,0.5352
"375","TCGA-86-7955-01A","TCGA-86-7955","tumor",68.3817,0,0,152.644,0.6025
"376","TCGA-86-8054-01A","TCGA-86-8054","tumor",20.9808,0.333,96.2451,39.6736,0.9991
"377","TCGA-86-8055-01A","TCGA-86-8055","tumor",68.937,0,0,67.6682,3.8577
"378","TCGA-86-8056-01A","TCGA-86-8056","tumor",36.643,0,0,120.2183,8.661
"379","TCGA-86-8073-01A","TCGA-86-8073","tumor",99.9141,0,0,168.5788,1.7185
"380","TCGA-86-8074-01A","TCGA-86-8074","tumor",52.584,0,0,64.6069,0.3574
"381","TCGA-86-8075-01A","TCGA-86-8075","tumor",80.4514,0.2857,0.2857,145.3507,17.9974
"382","TCGA-86-8076-01A","TCGA-86-8076","tumor",102.5258,0,0,111.604,4.6775
"383","TCGA-86-8278-01A","TCGA-86-8278","tumor",39.7563,0.2593,0,105.2492,77.7857
"384","TCGA-86-8279-01A","TCGA-86-8279","tumor",207.7719,0,2.6667,76.3852,0
"385","TCGA-86-8280-01A","TCGA-86-8280","tumor",110.8433,0,6.9066,63.3152,0.727
"386","TCGA-86-8281-01A","TCGA-86-8281","tumor",84.6797,0,0,126.6539,21.5877
"387","TCGA-86-8358-01A","TCGA-86-8358","tumor",109.4933,12.5992,0,48.6593,0
"388","TCGA-86-8359-01A","TCGA-86-8359","tumor",534.5383,0,0,47.1507,2.4301
"389","TCGA-86-8585-01A","TCGA-86-8585","tumor",93.7393,0,0,148.0971,985.917
"390","TCGA-86-8668-01A","TCGA-86-8668","tumor",79.7842,0,0,101.5997,0
"391","TCGA-86-8669-01A","TCGA-86-8669","tumor",32.0479,0.6301,0,124.436,0
"392","TCGA-86-8671-01A","TCGA-86-8671","tumor",290.2659,0,0.551,111.5801,0.551
"393","TCGA-86-8672-01A","TCGA-86-8672","tumor",250.0347,0,0,128.0249,0
"394","TCGA-86-8673-01A","TCGA-86-8673","tumor",464.4054,0,0,53.5602,0.5865
"395","TCGA-86-8674-01A","TCGA-86-8674","tumor",34.2889,0,0,176.6329,25.8572
"396","TCGA-86-A456-01A","TCGA-86-A456","tumor",164.501,0,0,60.5353,0.5915
"397","TCGA-86-A4D0-01A","TCGA-86-A4D0","tumor",14.4253,60.0279,15.8213,80.4839,0.4653
"398","TCGA-86-A4JF-01A","TCGA-86-A4JF","tumor",176.2489,0,0.8859,80.3575,0.8859
"399","TCGA-86-A4P7-01A","TCGA-86-A4P7","tumor",86.1148,0,0,83.3065,0
"400","TCGA-86-A4P8-01A","TCGA-86-A4P8","tumor",110.6153,0,0.4558,72.0465,0.4558
"401","TCGA-91-6828-01A","TCGA-91-6828","tumor",20.8249,0,0,78.7121,0
"402","TCGA-91-6829-01A","TCGA-91-6829","tumor",79.7212,0,0.5163,56.3913,2.065
"403","TCGA-91-6830-01A","TCGA-91-6830","tumor",55.1724,0.7663,0,125.0115,68.9655
"404","TCGA-91-6831-01A","TCGA-91-6831","tumor",177.4339,0,0,42.2844,0.7718
"405","TCGA-91-6835-01A","TCGA-91-6835","tumor",46.7404,0,0,77.3228,3.6117
"406","TCGA-91-6836-01A","TCGA-91-6836","tumor",13.3436,0.4411,0,42.3247,0
"407","TCGA-91-6840-01A","TCGA-91-6840","tumor",156.2536,0,0,42.4521,1.5282
"408","TCGA-91-6847-01A","TCGA-91-6847","tumor",91.6895,0.3427,35.6408,117.56,0
"409","TCGA-91-6848-01A","TCGA-91-6848","tumor",74.5351,0,5.8623,79.9201,0.8375
"410","TCGA-91-6849-01A","TCGA-91-6849","tumor",27.0634,0,0,106.0734,6.6741
"411","TCGA-91-7771-01A","TCGA-91-7771","tumor",125.7143,43.4286,4.5714,121.0343,0
"412","TCGA-91-8496-01A","TCGA-91-8496","tumor",112.2893,0,2.3232,87.059,0
"413","TCGA-91-8497-01A","TCGA-91-8497","tumor",115.3732,16.5481,29.1246,114.9098,1.3238
"414","TCGA-91-8499-01A","TCGA-91-8499","tumor",194.3051,0,46.0789,55.8677,0
"415","TCGA-91-A4BC-01A","TCGA-91-A4BC","tumor",214.3538,1.9582,14.3603,56.8473,1.9582
"416","TCGA-91-A4BD-01A","TCGA-91-A4BD","tumor",198.8831,1.7534,8.7668,157.3637,0
"417","TCGA-93-7347-01A","TCGA-93-7347","tumor",430.6915,0.3885,125.0971,161.8454,11.655
"418","TCGA-93-7348-01A","TCGA-93-7348","tumor",62.8682,0,3.3022,94.8009,6.6045
"419","TCGA-93-8067-01A","TCGA-93-8067","tumor",25.2567,35.8898,0.2848,137.7512,0.5697
"420","TCGA-93-A4JN-01A","TCGA-93-A4JN","tumor",149.4181,0.8313,15.7938,42.2361,0.8313
"421","TCGA-93-A4JO-01A","TCGA-93-A4JO","tumor",176.2134,0,0,58.5774,13.5983
"422","TCGA-93-A4JP-01A","TCGA-93-A4JP","tumor",36.8012,0,1.5899,113.2017,125.996
"423","TCGA-93-A4JQ-01A","TCGA-93-A4JQ","tumor",215.4272,0,1.7437,93.9887,353.095
"424","TCGA-95-7039-01A","TCGA-95-7039","tumor",276.5,0,0,77.3071,0.7143
"425","TCGA-95-7043-01A","TCGA-95-7043","tumor",7.8385,0,0,256.3982,0.7839
"426","TCGA-95-7562-01A","TCGA-95-7562","tumor",30.0718,0,0,209.3043,13.465
"427","TCGA-95-7567-01A","TCGA-95-7567","tumor",37.3699,0,0,100.8805,0
"428","TCGA-95-7944-01A","TCGA-95-7944","tumor",64.3302,0,0,84.2094,4.0264
"429","TCGA-95-7947-01A","TCGA-95-7947","tumor",27.1948,0.3056,0.3056,210.1323,953.7576
"430","TCGA-95-7948-01A","TCGA-95-7948","tumor",47.6974,0,0.6579,30.227,12.1711
"431","TCGA-95-8039-01A","TCGA-95-8039","tumor",49.3256,0,0.3854,84.0039,1.1561
"432","TCGA-95-8494-01A","TCGA-95-8494","tumor",30.5226,0,0,58.993,0
"433","TCGA-95-A4VK-01A","TCGA-95-A4VK","tumor",67.838,0,0,107.2621,1.4641
"434","TCGA-95-A4VN-01A","TCGA-95-A4VN","tumor",64.2195,0,0,94.6225,0
"435","TCGA-95-A4VP-01A","TCGA-95-A4VP","tumor",111.4087,1.0484,80.7234,93.377,0.5242
"436","TCGA-97-7546-01A","TCGA-97-7546","tumor",69.3111,0,6.263,119.2902,3.1315
"437","TCGA-97-7547-01A","TCGA-97-7547","tumor",57.7306,0,150.1258,102.16,625.4514
"438","TCGA-97-7552-01A","TCGA-97-7552","tumor",53.5952,41.388,0,106.0417,22.7867
"439","TCGA-97-7553-01A","TCGA-97-7553","tumor",34.3779,0.8929,0,94.3115,0.8929
"440","TCGA-97-7554-01A","TCGA-97-7554","tumor",178.2841,0.5003,0,75.6378,0.5003
"441","TCGA-97-7937-01A","TCGA-97-7937","tumor",28.1237,0.4018,0,72.953,1.6071
"442","TCGA-97-7938-01A","TCGA-97-7938","tumor",166.2356,0,0,182.4109,1.8127
"443","TCGA-97-7941-01A","TCGA-97-7941","tumor",65.9376,5.8223,55.3119,163.1346,1.2938
"444","TCGA-97-8171-01A","TCGA-97-8171","tumor",8.4258,0,2.8086,100.5617,0
"445","TCGA-97-8172-01A","TCGA-97-8172","tumor",100.6827,0.7939,1.5877,114.1387,1.5877
"446","TCGA-97-8174-01A","TCGA-97-8174","tumor",134.5288,0.2738,0,54.9011,0.2738
"447","TCGA-97-8175-01A","TCGA-97-8175","tumor",271.1304,0,0,130.3548,4.8696
"448","TCGA-97-8176-01A","TCGA-97-8176","tumor",48.1225,28.5417,1.7839,97.125,7.1354
"449","TCGA-97-8177-01A","TCGA-97-8177","tumor",171.0508,0,0,215.3915,3.4341
"450","TCGA-97-8179-01A","TCGA-97-8179","tumor",57.4001,0,0,84.125,0
"451","TCGA-97-8547-01A","TCGA-97-8547","tumor",113.2649,0,0,94.3287,1.5321
"452","TCGA-97-8552-01A","TCGA-97-8552","tumor",296.9756,0,0.6098,36.2805,0.6098
"453","TCGA-97-A4LX-01A","TCGA-97-A4LX","tumor",156.0802,0,0,90.4808,0.8798
"454","TCGA-97-A4M0-01A","TCGA-97-A4M0","tumor",71.7929,0,4.1058,69.521,0.4562
"455","TCGA-97-A4M1-01A","TCGA-97-A4M1","tumor",69.2952,0,14.1948,50.186,0
"456","TCGA-97-A4M2-01A","TCGA-97-A4M2","tumor",207.7726,0,0,102.3234,15.894
"457","TCGA-97-A4M3-01A","TCGA-97-A4M3","tumor",115.2453,0,0,69.565,0.5058
"458","TCGA-97-A4M5-01A","TCGA-97-A4M5","tumor",42.6759,1.675,0,92.3116,1.2563
"459","TCGA-97-A4M6-01A","TCGA-97-A4M6","tumor",39.2005,0.4569,13.7065,78.7253,1.3706
"460","TCGA-97-A4M7-01A","TCGA-97-A4M7","tumor",74.7443,0,26.214,66.7856,4.7271
"461","TCGA-99-7458-01A","TCGA-99-7458","tumor",103.1267,0,0.331,99.2038,1.9863
"462","TCGA-99-8025-01A","TCGA-99-8025","tumor",347.6974,0,1.3329,161.4762,0
"463","TCGA-99-8028-01A","TCGA-99-8028","tumor",323.2587,0,0,155.2491,0.4307
"464","TCGA-99-8032-01A","TCGA-99-8032","tumor",98.4688,16.8182,44.1967,100.9719,0.7822
"465","TCGA-99-8033-01A","TCGA-99-8033","tumor",60.3047,0,0,93.8516,1.9531
"466","TCGA-99-AA5R-01A","TCGA-99-AA5R","tumor",212.3453,0,0.5429,109.2997,1.6287
"467","TCGA-J2-8192-01A","TCGA-J2-8192","tumor",60.5462,0,2.2525,80.9723,43.1722
"468","TCGA-J2-8194-01A","TCGA-J2-8194","tumor",136.2669,0,0,91.2734,0.4361
"469","TCGA-J2-A4AD-01A","TCGA-J2-A4AD","tumor",206.8331,0,8.9322,43.4348,168.4937
"470","TCGA-J2-A4AE-01A","TCGA-J2-A4AE","tumor",67.2636,0,0,108.7943,2.9551
"471","TCGA-J2-A4AG-01A","TCGA-J2-A4AG","tumor",147.5616,0,1.1257,104.072,2.2513
"472","TCGA-L4-A4E5-01A","TCGA-L4-A4E5","tumor",226.2253,0,0,65.1058,0
"473","TCGA-L4-A4E6-01A","TCGA-L4-A4E6","tumor",150.9005,0,0,103.3794,0
"474","TCGA-L9-A443-01A","TCGA-L9-A443","tumor",285.9076,0,8.4234,105.2366,0
"475","TCGA-L9-A444-01A","TCGA-L9-A444","tumor",715.7251,0,0,275.9681,0.7593
"476","TCGA-L9-A50W-01A","TCGA-L9-A50W","tumor",61.1448,0.3751,276.8566,216.4696,0.3751
"477","TCGA-L9-A5IP-01A","TCGA-L9-A5IP","tumor",51.3409,0.8764,0,115.7975,4.8203
"478","TCGA-L9-A743-01A","TCGA-L9-A743","tumor",181.6478,0.4721,0.4721,179.0604,0
"479","TCGA-L9-A7SV-01A","TCGA-L9-A7SV","tumor",189.2946,1.1316,0,64.2173,0
"480","TCGA-L9-A8F4-01A","TCGA-L9-A8F4","tumor",265.2906,0,3.3461,88.9014,0
"481","TCGA-MN-A4N1-01A","TCGA-MN-A4N1","tumor",680.9723,0,6.648,125.1688,17.8664
"482","TCGA-MN-A4N4-01A","TCGA-MN-A4N4","tumor",343.3507,0,0,308.5649,21.1405
"483","TCGA-MN-A4N5-01A","TCGA-MN-A4N5","tumor",353.1575,0,0,100.1969,0.7874
"484","TCGA-MP-A4SV-01A","TCGA-MP-A4SV","tumor",64.5661,0,2.1377,52.8516,0
"485","TCGA-MP-A4SW-01A","TCGA-MP-A4SW","tumor",144.622,0,3.643,161.8443,0.4554
"486","TCGA-MP-A4SY-01A","TCGA-MP-A4SY","tumor",58.8219,0,1.2988,67.7532,4.7622
"487","TCGA-MP-A4T4-01A","TCGA-MP-A4T4","tumor",213.0691,0.4833,0,77.8734,0.4833
"488","TCGA-MP-A4T6-01A","TCGA-MP-A4T6","tumor",371.1107,0,0,87.3522,0
"489","TCGA-MP-A4T7-01A","TCGA-MP-A4T7","tumor",50.6928,0,0.4411,186.3971,4.4111
"490","TCGA-MP-A4T8-01A","TCGA-MP-A4T8","tumor",25.5538,0,0,76.6236,0
"491","TCGA-MP-A4T9-01A","TCGA-MP-A4T9","tumor",55.7547,0,0,64.2613,1.9912
"492","TCGA-MP-A4TA-01A","TCGA-MP-A4TA","tumor",87.6606,18.1776,0,161.0175,4.4434
"493","TCGA-MP-A4TC-01A","TCGA-MP-A4TC","tumor",466.1692,0,0,108.5578,0
"494","TCGA-MP-A4TD-01A","TCGA-MP-A4TD","tumor",104.5934,0.4929,0,107.93,5.9142
"495","TCGA-MP-A4TE-01A","TCGA-MP-A4TE","tumor",531.326,0,0,84.0969,3.5242
"496","TCGA-MP-A4TF-01A","TCGA-MP-A4TF","tumor",36.7047,17.1289,0,78.3931,0.8157
"497","TCGA-MP-A4TH-01A","TCGA-MP-A4TH","tumor",71.9188,0,0,88.5286,3.2288
"498","TCGA-MP-A4TI-01A","TCGA-MP-A4TI","tumor",65.171,0,0,101.7877,0.5126
"499","TCGA-MP-A4TJ-01A","TCGA-MP-A4TJ","tumor",104.6463,0,120.524,98.1397,1.7467
"500","TCGA-MP-A4TK-01A","TCGA-MP-A4TK","tumor",180.6389,0,2.9718,61.3422,0
"501","TCGA-MP-A5C7-01A","TCGA-MP-A5C7","tumor",117.037,0,0.415,102.3177,0.83
"502","TCGA-NJ-A4YF-01A","TCGA-NJ-A4YF","tumor",395.5043,0,0,109.4836,0
"503","TCGA-NJ-A4YG-01A","TCGA-NJ-A4YG","tumor",190.3868,1.1547,10.97,121.6801,0
"504","TCGA-NJ-A4YI-01A","TCGA-NJ-A4YI","tumor",345.6395,0.6714,0,74.2263,0.6714
"505","TCGA-NJ-A4YP-01A","TCGA-NJ-A4YP","tumor",72.533,0,0,167.7363,14.2276
"506","TCGA-NJ-A4YQ-01A","TCGA-NJ-A4YQ","tumor",165.6874,0.6277,0,81.6259,0
"507","TCGA-NJ-A55A-01A","TCGA-NJ-A55A","tumor",99.4055,0,1.7484,48.5619,0
"508","TCGA-NJ-A55O-01A","TCGA-NJ-A55O","tumor",42.007,0,0,105.9218,8.7515
"509","TCGA-NJ-A55R-01A","TCGA-NJ-A55R","tumor",273.9088,61.9932,8.6502,47.7996,0.2403
"510","TCGA-NJ-A7XG-01A","TCGA-NJ-A7XG","tumor",245.9714,0,15.1116,100.0664,2.7476
"511","TCGA-O1-A52J-01A","TCGA-O1-A52J","tumor",209.4211,0,0.9569,29.5598,0
"512","TCGA-S2-AA1A-01A","TCGA-S2-AA1A","tumor",114.5543,0.6552,0,122.9867,0
"513","TCGA-38-4625-11A","TCGA-38-4625","normal",237.2049,0.3747,1.124,91.5024,0
"514","TCGA-38-4626-11A","TCGA-38-4626","normal",243.9686,0,0,59.8984,0.3649
"515","TCGA-38-4627-11A","TCGA-38-4627","normal",368.0002,0,0.5388,110.6102,0
"516","TCGA-38-4632-11A","TCGA-38-4632","normal",95.3978,0,0,154.3228,2.8908
"517","TCGA-44-2655-11A","TCGA-44-2655","normal",86.1017,0,0.3082,57.1125,0.6163
"518","TCGA-44-2657-11A","TCGA-44-2657","normal",138.7365,0.5692,0,68.1047,50.0854
"519","TCGA-44-2661-11A","TCGA-44-2661","normal",74.253,0,0.4745,70.1963,0
"520","TCGA-44-2662-11A","TCGA-44-2662","normal",51.2577,0,0,60.2753,0
"521","TCGA-44-2665-11A","TCGA-44-2665","normal",103.77,0,1.3937,81.6237,1.0453
"522","TCGA-44-2668-11A","TCGA-44-2668","normal",99.6544,0,0,78.6636,0.768
"523","TCGA-44-3396-11A","TCGA-44-3396","normal",104.7258,0,0.5923,74.2148,1.7768
"524","TCGA-44-5645-11A","TCGA-44-5645","normal",101.0864,0,0.9365,65.1042,0.4683
"525","TCGA-44-6144-11A","TCGA-44-6144","normal",105.3009,0,0,61.5318,2.4756
"526","TCGA-44-6145-11A","TCGA-44-6145","normal",83.4694,0,0,48.1074,0
"527","TCGA-44-6146-11A","TCGA-44-6146","normal",28.0592,0,0.7794,44.4661,0
"528","TCGA-44-6147-11A","TCGA-44-6147","normal",76.8026,0,1.1998,36.1668,0.5999
"529","TCGA-44-6148-11A","TCGA-44-6148","normal",58.2533,0.4708,1.4124,66.2712,0
"530","TCGA-44-6776-11A","TCGA-44-6776","normal",47.3475,0,0.7092,50.6809,0
"531","TCGA-44-6777-11A","TCGA-44-6777","normal",103.5626,0,0,75.3355,0
"532","TCGA-44-6778-11A","TCGA-44-6778","normal",55,0,1.1792,48.6851,0.5896
"533","TCGA-49-4490-11A","TCGA-49-4490","normal",115.9594,0,0,91.4846,0
"534","TCGA-49-4512-11A","TCGA-49-4512","normal",126.8209,0,2.5707,98.2691,1.7138
"535","TCGA-49-6742-11A","TCGA-49-6742","normal",72.5908,0,0,98.9661,0
"536","TCGA-49-6743-11A","TCGA-49-6743","normal",80.2591,0,0,83.4454,0.7003
"537","TCGA-49-6744-11A","TCGA-49-6744","normal",34.3276,0,0,63.5306,1.304
"538","TCGA-49-6745-11A","TCGA-49-6745","normal",146.8635,0.738,0.738,78.3985,0.738
"539","TCGA-49-6761-11A","TCGA-49-6761","normal",71.5768,0,0,103.8485,2.0747
"540","TCGA-50-5930-11A","TCGA-50-5930","normal",84.4799,0,0,59.7798,0
"541","TCGA-50-5931-11A","TCGA-50-5931","normal",73.6252,0,0,52.2657,0
"542","TCGA-50-5932-11A","TCGA-50-5932","normal",48.7013,0,0,59.5617,0
"543","TCGA-50-5933-11A","TCGA-50-5933","normal",65.7423,0,0.5683,37.5281,0
"544","TCGA-50-5935-11A","TCGA-50-5935","normal",64.8762,0,0.774,77.6316,3.096
"545","TCGA-50-5936-11A","TCGA-50-5936","normal",65.7557,0,0,64.458,1.2479
"546","TCGA-50-5939-11A","TCGA-50-5939","normal",51.7594,0,0,79.587,0
"547","TCGA-50-6595-11A","TCGA-50-6595","normal",71.5654,0,0.3894,61.0397,1.1682
"548","TCGA-55-6968-11A","TCGA-55-6968","normal",141.023,0,0.793,83.4021,0.793
"549","TCGA-55-6969-11A","TCGA-55-6969","normal",133.4576,0,0,97.4237,0
"550","TCGA-55-6970-11A","TCGA-55-6970","normal",75.2861,0,0,66.7169,1.506
"551","TCGA-55-6971-11A","TCGA-55-6971","normal",56.2633,0,0.6649,81.9282,1.3298
"552","TCGA-55-6972-11A","TCGA-55-6972","normal",74.1811,0,0,63.5197,0
"553","TCGA-55-6975-11A","TCGA-55-6975","normal",81.5932,0,0.9001,74.8605,0
"554","TCGA-55-6978-11A","TCGA-55-6978","normal",97.5885,0,0,59.882,1.6863
"555","TCGA-55-6979-11A","TCGA-55-6979","normal",58.0935,0,0,74.7399,0
"556","TCGA-55-6980-11A","TCGA-55-6980","normal",80.7096,0,1.8674,50.3735,0
"557","TCGA-55-6981-11A","TCGA-55-6981","normal",93.3811,0,0,74.3913,1.8663
"558","TCGA-55-6982-11A","TCGA-55-6982","normal",92.7138,0,0,66.6787,5.7856
"559","TCGA-55-6983-11A","TCGA-55-6983","normal",53.7728,0,0,76.1839,1.7346
"560","TCGA-55-6984-11A","TCGA-55-6984","normal",127.2334,0,0,65.3505,0.7457
"561","TCGA-55-6985-11A","TCGA-55-6985","normal",115.1438,0,0.7877,69.618,1.9693
"562","TCGA-55-6986-11A","TCGA-55-6986","normal",120.9846,0,0.9259,49.3796,0.6173
"563","TCGA-73-4676-11A","TCGA-73-4676","normal",138.2039,0,0,108.7119,0
"564","TCGA-91-6828-11A","TCGA-91-6828","normal",49.5563,0.6431,0.6431,57.1125,1.9293
"565","TCGA-91-6829-11A","TCGA-91-6829","normal",177.9141,0,0.6817,87.8528,1.3633
"566","TCGA-91-6831-11A","TCGA-91-6831","normal",62.9634,0,0,47.3918,0
"567","TCGA-91-6835-11A","TCGA-91-6835","normal",76.7722,0,6.263,55.9789,0
"568","TCGA-91-6836-11A","TCGA-91-6836","normal",79.8192,0,0,61.3333,1.5626
"569","TCGA-91-6847-11A","TCGA-91-6847","normal",67.6923,0,0,61.4389,0.905
"570","TCGA-91-6849-11A","TCGA-91-6849","normal",68.8167,0,1.5527,65.0125,0
